{
    "counter": {
        "ACTIVE": 21008,
        "INACTIVE": 40,
        "INVALID": 0,
        "MALICIOUS": 0,
        "SANE": 0,
        "VALID": 0,
        "total": 21048
    },
    "percentage": {
        "ACTIVE": 99.80995819080198,
        "INACTIVE": 0.19038553069966682,
        "INVALID": 0,
        "MALICIOUS": 0,
        "SANE": 0,
        "VALID": 0,
        "total": 100.00034372150165
    }
}