{
    "counter": {
        "ACTIVE": 14385,
        "INACTIVE": 16,
        "INVALID": 0,
        "MALICIOUS": 0,
        "SANE": 0,
        "VALID": 0,
        "total": 14401
    },
    "percentage": {
        "ACTIVE": 99.88889660440248,
        "INACTIVE": 0.12560841576385617,
        "INVALID": 0,
        "MALICIOUS": 0,
        "SANE": 0,
        "VALID": 0,
        "total": 100.01450502016633
    }
}