{
    "counter": {
        "ACTIVE": 18113,
        "INACTIVE": 35,
        "INVALID": 0,
        "MALICIOUS": 0,
        "SANE": 0,
        "VALID": 0,
        "total": 18148
    },
    "percentage": {
        "ACTIVE": 99.80714128278598,
        "INACTIVE": 0.19898800386605264,
        "INVALID": 0,
        "MALICIOUS": 0,
        "SANE": 0,
        "VALID": 0,
        "total": 100.00612928665203
    }
}