{
    "counter": {
        "ACTIVE": 26173,
        "INACTIVE": 66,
        "INVALID": 0,
        "MALICIOUS": 0,
        "SANE": 0,
        "VALID": 0,
        "total": 26239
    },
    "percentage": {
        "ACTIVE": 99.74846602385762,
        "INACTIVE": 0.263399449255697,
        "INVALID": 0,
        "MALICIOUS": 0,
        "SANE": 0,
        "VALID": 0,
        "total": 100.01186547311332
    }
}