{
    "counter": {
        "ACTIVE": 8776,
        "INACTIVE": 171,
        "INVALID": 2,
        "MALICIOUS": 0,
        "SANE": 0,
        "VALID": 0,
        "total": 8949
    },
    "percentage": {
        "ACTIVE": 98.06682310872723,
        "INACTIVE": 1.910828025477707,
        "INVALID": 0.0223488657950609,
        "MALICIOUS": 0.0,
        "SANE": 0.0,
        "VALID": 0.0,
        "total": 100.00000000000001
    }
}