{
    "counter": {
        "ACTIVE": 9701,
        "INACTIVE": 22,
        "INVALID": 0,
        "MALICIOUS": 0,
        "SANE": 0,
        "VALID": 0,
        "total": 9723
    },
    "percentage": {
        "ACTIVE": 99.77373238712332,
        "INACTIVE": 0.2266639192252215,
        "INVALID": 0,
        "MALICIOUS": 0,
        "SANE": 0,
        "VALID": 0,
        "total": 100.00039630634853
    }
}