{
    "counter": {
        "ACTIVE": 24252,
        "INACTIVE": 51,
        "INVALID": 0,
        "MALICIOUS": 0,
        "SANE": 0,
        "VALID": 0,
        "total": 24303
    },
    "percentage": {
        "ACTIVE": 99.79014936427602,
        "INACTIVE": 0.2120317631896229,
        "INVALID": 0,
        "MALICIOUS": 0,
        "SANE": 0,
        "VALID": 0,
        "total": 100.00218112746565
    }
}