{
    "counter": {
        "ACTIVE": 23286,
        "INACTIVE": 35,
        "INVALID": 0,
        "MALICIOUS": 0,
        "SANE": 0,
        "VALID": 0,
        "total": 23321
    },
    "percentage": {
        "ACTIVE": 99.84992067235538,
        "INACTIVE": 0.1510769629213968,
        "INVALID": 0,
        "MALICIOUS": 0,
        "SANE": 0,
        "VALID": 0,
        "total": 100.00099763527678
    }
}