{
    "counter": {
        "ACTIVE": 21861,
        "INACTIVE": 41,
        "INVALID": 0,
        "MALICIOUS": 0,
        "SANE": 0,
        "VALID": 0,
        "total": 21902
    },
    "percentage": {
        "ACTIVE": 99.81280248379143,
        "INACTIVE": 0.1879785429370501,
        "INVALID": 0,
        "MALICIOUS": 0,
        "SANE": 0,
        "VALID": 0,
        "total": 100.00078102672848
    }
}