{
    "counter": {
        "ACTIVE": 10194,
        "INACTIVE": 14,
        "INVALID": 0,
        "MALICIOUS": 0,
        "SANE": 0,
        "VALID": 0,
        "total": 10208
    },
    "percentage": {
        "ACTIVE": 99.8628526645768,
        "INACTIVE": 0.14450867052023122,
        "INVALID": 0,
        "MALICIOUS": 0,
        "SANE": 0,
        "VALID": 0,
        "total": 100.00736133509703
    }
}