{
    "counter": {
        "ACTIVE": 22183,
        "INACTIVE": 47,
        "INVALID": 0,
        "MALICIOUS": 0,
        "SANE": 0,
        "VALID": 0,
        "total": 22230
    },
    "percentage": {
        "ACTIVE": 99.78857399910031,
        "INACTIVE": 0.21913465124953377,
        "INVALID": 0,
        "MALICIOUS": 0,
        "SANE": 0,
        "VALID": 0,
        "total": 100.00770865034984
    }
}