{
    "counter": {
        "ACTIVE": 24551,
        "INACTIVE": 49,
        "INVALID": 0,
        "MALICIOUS": 0,
        "SANE": 0,
        "VALID": 0,
        "total": 24600
    },
    "percentage": {
        "ACTIVE": 99.80081300813008,
        "INACTIVE": 0.19986132071623772,
        "INVALID": 0,
        "MALICIOUS": 0,
        "SANE": 0,
        "VALID": 0,
        "total": 100.00067432884632
    }
}