{
    "counter": {
        "ACTIVE": 9557,
        "INACTIVE": 274,
        "INVALID": 2,
        "MALICIOUS": 0,
        "SANE": 0,
        "VALID": 0,
        "total": 9833
    },
    "percentage": {
        "ACTIVE": 97.19312519068443,
        "INACTIVE": 2.786535136784298,
        "INVALID": 0.020339672531272248,
        "MALICIOUS": 0.0,
        "SANE": 0.0,
        "VALID": 0.0,
        "total": 100.0
    }
}