{
    "counter": {
        "ACTIVE": 18644,
        "INACTIVE": 25,
        "INVALID": 0,
        "MALICIOUS": 0,
        "SANE": 0,
        "VALID": 0,
        "total": 18669
    },
    "percentage": {
        "ACTIVE": 99.86608816755049,
        "INACTIVE": 0.13509862199405567,
        "INVALID": 0,
        "MALICIOUS": 0,
        "SANE": 0,
        "VALID": 0,
        "total": 100.00118678954455
    }
}