{
    "counter": {
        "ACTIVE": 26222,
        "INACTIVE": 47,
        "INVALID": 0,
        "MALICIOUS": 0,
        "SANE": 0,
        "VALID": 0,
        "total": 26269
    },
    "percentage": {
        "ACTIVE": 99.82108188358902,
        "INACTIVE": 0.17948522111051707,
        "INVALID": 0,
        "MALICIOUS": 0,
        "SANE": 0,
        "VALID": 0,
        "total": 100.00056710469953
    }
}