{
    "counter": {
        "ACTIVE": 20070,
        "INACTIVE": 28,
        "INVALID": 0,
        "MALICIOUS": 0,
        "SANE": 0,
        "VALID": 0,
        "total": 20098
    },
    "percentage": {
        "ACTIVE": 99.86068265499054,
        "INACTIVE": 0.14412188593782171,
        "INVALID": 0,
        "MALICIOUS": 0,
        "SANE": 0,
        "VALID": 0,
        "total": 100.00480454092836
    }
}