{
    "counter": {
        "ACTIVE": 21228,
        "INACTIVE": 39,
        "INVALID": 0,
        "MALICIOUS": 0,
        "SANE": 0,
        "VALID": 0,
        "total": 21267
    },
    "percentage": {
        "ACTIVE": 99.81661729439978,
        "INACTIVE": 0.18562589243217514,
        "INVALID": 0,
        "MALICIOUS": 0,
        "SANE": 0,
        "VALID": 0,
        "total": 100.00224318683195
    }
}