{
    "counter": {
        "ACTIVE": 26050,
        "INACTIVE": 40,
        "INVALID": 0,
        "MALICIOUS": 0,
        "SANE": 0,
        "VALID": 0,
        "total": 26090
    },
    "percentage": {
        "ACTIVE": 99.84668455346876,
        "INACTIVE": 0.15881208559971413,
        "INVALID": 0,
        "MALICIOUS": 0,
        "SANE": 0,
        "VALID": 0,
        "total": 100.00549663906848
    }
}