{
    "counter": {
        "ACTIVE": 7313,
        "INACTIVE": 40,
        "INVALID": 2,
        "MALICIOUS": 0,
        "SANE": 0,
        "VALID": 0,
        "total": 7355
    },
    "percentage": {
        "ACTIVE": 99.42895989123045,
        "INACTIVE": 0.5450333832947268,
        "INVALID": 0.027329871549603715,
        "MALICIOUS": 0.0,
        "SANE": 0.0,
        "VALID": 0.0,
        "total": 100.00132314607477
    }
}