{
    "counter": {
        "ACTIVE": 10394,
        "INACTIVE": 25,
        "INVALID": 0,
        "MALICIOUS": 0,
        "SANE": 0,
        "VALID": 0,
        "total": 10419
    },
    "percentage": {
        "ACTIVE": 99.76005374796046,
        "INACTIVE": 0.2404308520869398,
        "INVALID": 0,
        "MALICIOUS": 0,
        "SANE": 0,
        "VALID": 0,
        "total": 100.0004846000474
    }
}