{
    "counter": {
        "ACTIVE": 6573,
        "INACTIVE": 10,
        "INVALID": 0,
        "MALICIOUS": 0,
        "SANE": 0,
        "VALID": 0,
        "total": 6583
    },
    "percentage": {
        "ACTIVE": 99.8480935743582,
        "INACTIVE": 0.2319647413593134,
        "INVALID": 0,
        "MALICIOUS": 0,
        "SANE": 0,
        "VALID": 0,
        "total": 100.08005831571752
    }
}