{
    "counter": {
        "ACTIVE": 26229,
        "INACTIVE": 50,
        "INVALID": 0,
        "MALICIOUS": 0,
        "SANE": 0,
        "VALID": 0,
        "total": 26279
    },
    "percentage": {
        "ACTIVE": 99.80973400814338,
        "INACTIVE": 0.19394127458205657,
        "INVALID": 0,
        "MALICIOUS": 0,
        "SANE": 0,
        "VALID": 0,
        "total": 100.00367528272544
    }
}