{
    "counter": {
        "ACTIVE": 5851,
        "INACTIVE": 7,
        "INVALID": 0,
        "MALICIOUS": 0,
        "SANE": 0,
        "VALID": 0,
        "total": 5858
    },
    "percentage": {
        "ACTIVE": 99.8805052919085,
        "INACTIVE": 0.17434620174346202,
        "INVALID": 0,
        "MALICIOUS": 0,
        "SANE": 0,
        "VALID": 0,
        "total": 100.05485149365197
    }
}