{
    "counter": {
        "ACTIVE": 16676,
        "INACTIVE": 14,
        "INVALID": 0,
        "MALICIOUS": 0,
        "SANE": 0,
        "VALID": 0,
        "total": 16690
    },
    "percentage": {
        "ACTIVE": 99.91611743559018,
        "INACTIVE": 0.0941936352015071,
        "INVALID": 0,
        "MALICIOUS": 0,
        "SANE": 0,
        "VALID": 0,
        "total": 100.01031107079169
    }
}