{
    "counter": {
        "ACTIVE": 17634,
        "INACTIVE": 35,
        "INVALID": 0,
        "MALICIOUS": 0,
        "SANE": 0,
        "VALID": 0,
        "total": 17669
    },
    "percentage": {
        "ACTIVE": 99.80191295489276,
        "INACTIVE": 0.19898800386605264,
        "INVALID": 0,
        "MALICIOUS": 0,
        "SANE": 0,
        "VALID": 0,
        "total": 100.0009009587588
    }
}