{
    "counter": {
        "ACTIVE": 12979,
        "INACTIVE": 21,
        "INVALID": 0,
        "MALICIOUS": 0,
        "SANE": 0,
        "VALID": 0,
        "total": 13000
    },
    "percentage": {
        "ACTIVE": 99.83846153846154,
        "INACTIVE": 0.16501650165016502,
        "INVALID": 0,
        "MALICIOUS": 0,
        "SANE": 0,
        "VALID": 0,
        "total": 100.00347804011172
    }
}