{
    "counter": {
        "ACTIVE": 7627,
        "INACTIVE": 11,
        "INVALID": 0,
        "MALICIOUS": 0,
        "SANE": 0,
        "VALID": 0,
        "total": 7638
    },
    "percentage": {
        "ACTIVE": 99.8559832416863,
        "INACTIVE": 0.15095375325922877,
        "INVALID": 0,
        "MALICIOUS": 0,
        "SANE": 0,
        "VALID": 0,
        "total": 100.00693699494553
    }
}