{
    "counter": {
        "ACTIVE": 26173,
        "INACTIVE": 37,
        "INVALID": 0,
        "MALICIOUS": 0,
        "SANE": 0,
        "VALID": 0,
        "total": 26210
    },
    "percentage": {
        "ACTIVE": 99.85883250667685,
        "INACTIVE": 0.14974906912740812,
        "INVALID": 0,
        "MALICIOUS": 0,
        "SANE": 0,
        "VALID": 0,
        "total": 100.00858157580426
    }
}