{
    "counter": {
        "ACTIVE": 10913,
        "INACTIVE": 15,
        "INVALID": 0,
        "MALICIOUS": 0,
        "SANE": 0,
        "VALID": 0,
        "total": 10928
    },
    "percentage": {
        "ACTIVE": 99.86273792093704,
        "INACTIVE": 0.14124293785310735,
        "INVALID": 0,
        "MALICIOUS": 0,
        "SANE": 0,
        "VALID": 0,
        "total": 100.00398085879014
    }
}