{
    "counter": {
        "ACTIVE": 9373,
        "INACTIVE": 17,
        "INVALID": 0,
        "MALICIOUS": 0,
        "SANE": 0,
        "VALID": 0,
        "total": 9390
    },
    "percentage": {
        "ACTIVE": 99.81895633652822,
        "INACTIVE": 0.18865830651426035,
        "INVALID": 0,
        "MALICIOUS": 0,
        "SANE": 0,
        "VALID": 0,
        "total": 100.00761464304247
    }
}