{
    "counter": {
        "ACTIVE": 7359,
        "INACTIVE": 5,
        "INVALID": 0,
        "MALICIOUS": 0,
        "SANE": 0,
        "VALID": 0,
        "total": 7364
    },
    "percentage": {
        "ACTIVE": 99.93210211841391,
        "INACTIVE": 0.06844626967830253,
        "INVALID": 0,
        "MALICIOUS": 0,
        "SANE": 0,
        "VALID": 0,
        "total": 100.00054838809221
    }
}