{
    "counter": {
        "ACTIVE": 1780,
        "INACTIVE": 1,
        "INVALID": 0,
        "MALICIOUS": 0,
        "SANE": 0,
        "VALID": 0,
        "total": 1781
    },
    "percentage": {
        "ACTIVE": 99.94385176866929,
        "INACTIVE": 0.06830601092896176,
        "INVALID": 0,
        "MALICIOUS": 0,
        "SANE": 0,
        "VALID": 0,
        "total": 100.01215777959825
    }
}