{
    "counter": {
        "ACTIVE": 21328,
        "INACTIVE": 52,
        "INVALID": 0,
        "MALICIOUS": 0,
        "SANE": 0,
        "VALID": 0,
        "total": 21380
    },
    "percentage": {
        "ACTIVE": 99.75678203928905,
        "INACTIVE": 0.24467134051663295,
        "INVALID": 0,
        "MALICIOUS": 0,
        "SANE": 0,
        "VALID": 0,
        "total": 100.00145337980568
    }
}