{
    "counter": {
        "ACTIVE": 21055,
        "INACTIVE": 28,
        "INVALID": 0,
        "MALICIOUS": 0,
        "SANE": 0,
        "VALID": 0,
        "total": 21083
    },
    "percentage": {
        "ACTIVE": 99.8671915761514,
        "INACTIVE": 0.13912352181258075,
        "INVALID": 0,
        "MALICIOUS": 0,
        "SANE": 0,
        "VALID": 0,
        "total": 100.00631509796398
    }
}