{
    "counter": {
        "ACTIVE": 18058,
        "INACTIVE": 26,
        "INVALID": 0,
        "MALICIOUS": 0,
        "SANE": 0,
        "VALID": 0,
        "total": 18084
    },
    "percentage": {
        "ACTIVE": 99.85622649856226,
        "INACTIVE": 0.1452513966480447,
        "INVALID": 0,
        "MALICIOUS": 0,
        "SANE": 0,
        "VALID": 0,
        "total": 100.00147789521031
    }
}