{
    "counter": {
        "ACTIVE": 18029,
        "INACTIVE": 23,
        "INVALID": 0,
        "MALICIOUS": 0,
        "SANE": 0,
        "VALID": 0,
        "total": 18052
    },
    "percentage": {
        "ACTIVE": 99.87259029470418,
        "INACTIVE": 0.13157894736842105,
        "INVALID": 0,
        "MALICIOUS": 0,
        "SANE": 0,
        "VALID": 0,
        "total": 100.0041692420726
    }
}