{
    "counter": {
        "ACTIVE": 8781,
        "INACTIVE": 171,
        "INVALID": 2,
        "MALICIOUS": 0,
        "SANE": 0,
        "VALID": 0,
        "total": 8954
    },
    "percentage": {
        "ACTIVE": 98.06790261335716,
        "INACTIVE": 1.9097610006700916,
        "INVALID": 0.02233638597274961,
        "MALICIOUS": 0.0,
        "SANE": 0.0,
        "VALID": 0.0,
        "total": 100.0
    }
}