{
    "counter": {
        "ACTIVE": 8558,
        "INACTIVE": 161,
        "INVALID": 2,
        "MALICIOUS": 0,
        "SANE": 0,
        "VALID": 0,
        "total": 8721
    },
    "percentage": {
        "ACTIVE": 98.13094828574705,
        "INACTIVE": 1.8461185643848184,
        "INVALID": 0.022933149868134387,
        "MALICIOUS": 0.0,
        "SANE": 0.0,
        "VALID": 0.0,
        "total": 100.00000000000001
    }
}