{
    "counter": {
        "ACTIVE": 9021,
        "INACTIVE": 230,
        "INVALID": 2,
        "MALICIOUS": 0,
        "SANE": 0,
        "VALID": 0,
        "total": 9253
    },
    "percentage": {
        "ACTIVE": 97.49270506862639,
        "INACTIVE": 2.48568031989625,
        "INVALID": 0.021614611477358693,
        "MALICIOUS": 0.0,
        "SANE": 0.0,
        "VALID": 0.0,
        "total": 100.0
    }
}