{
    "counter": {
        "ACTIVE": 6022,
        "INACTIVE": 8,
        "INVALID": 0,
        "MALICIOUS": 0,
        "SANE": 0,
        "VALID": 0,
        "total": 6030
    },
    "percentage": {
        "ACTIVE": 99.86733001658375,
        "INACTIVE": 0.2151694459386767,
        "INVALID": 0,
        "MALICIOUS": 0,
        "SANE": 0,
        "VALID": 0,
        "total": 100.08249946252242
    }
}