{
    "counter": {
        "ACTIVE": 4532,
        "INACTIVE": 7,
        "INVALID": 0,
        "MALICIOUS": 0,
        "SANE": 0,
        "VALID": 0,
        "total": 4539
    },
    "percentage": {
        "ACTIVE": 99.84578100903283,
        "INACTIVE": 0.2242870874719641,
        "INVALID": 0,
        "MALICIOUS": 0,
        "SANE": 0,
        "VALID": 0,
        "total": 100.0700680965048
    }
}