{
    "counter": {
        "ACTIVE": 3340,
        "INACTIVE": 9,
        "INVALID": 0,
        "MALICIOUS": 0,
        "SANE": 0,
        "VALID": 0,
        "total": 3349
    },
    "percentage": {
        "ACTIVE": 99.73126306360108,
        "INACTIVE": 0.31282586027111575,
        "INVALID": 0,
        "MALICIOUS": 0,
        "SANE": 0,
        "VALID": 0,
        "total": 100.0440889238722
    }
}