{
    "counter": {
        "ACTIVE": 7935,
        "INACTIVE": 15,
        "INVALID": 0,
        "MALICIOUS": 0,
        "SANE": 0,
        "VALID": 0,
        "total": 7950
    },
    "percentage": {
        "ACTIVE": 99.81132075471699,
        "INACTIVE": 0.20083009773731422,
        "INVALID": 0,
        "MALICIOUS": 0,
        "SANE": 0,
        "VALID": 0,
        "total": 100.0121508524543
    }
}