{
    "counter": {
        "ACTIVE": 8467,
        "INACTIVE": 156,
        "INVALID": 2,
        "MALICIOUS": 0,
        "SANE": 0,
        "VALID": 0,
        "total": 8625
    },
    "percentage": {
        "ACTIVE": 98.16811594202899,
        "INACTIVE": 1.808695652173913,
        "INVALID": 0.02318840579710145,
        "MALICIOUS": 0.0,
        "SANE": 0.0,
        "VALID": 0.0,
        "total": 99.99999999999999
    }
}