{
    "counter": {
        "ACTIVE": 17486,
        "INACTIVE": 31,
        "INVALID": 0,
        "MALICIOUS": 0,
        "SANE": 0,
        "VALID": 0,
        "total": 17517
    },
    "percentage": {
        "ACTIVE": 99.82302905748702,
        "INACTIVE": 0.17942929906812524,
        "INVALID": 0,
        "MALICIOUS": 0,
        "SANE": 0,
        "VALID": 0,
        "total": 100.00245835655514
    }
}