{
    "counter": {
        "ACTIVE": 10940,
        "INACTIVE": 18,
        "INVALID": 0,
        "MALICIOUS": 0,
        "SANE": 0,
        "VALID": 0,
        "total": 10958
    },
    "percentage": {
        "ACTIVE": 99.83573644825698,
        "INACTIVE": 0.1717885092574919,
        "INVALID": 0,
        "MALICIOUS": 0,
        "SANE": 0,
        "VALID": 0,
        "total": 100.00752495751448
    }
}