{
    "counter": {
        "ACTIVE": 15487,
        "INACTIVE": 27,
        "INVALID": 0,
        "MALICIOUS": 0,
        "SANE": 0,
        "VALID": 0,
        "total": 15514
    },
    "percentage": {
        "ACTIVE": 99.82596364573934,
        "INACTIVE": 0.18015613531727498,
        "INVALID": 0,
        "MALICIOUS": 0,
        "SANE": 0,
        "VALID": 0,
        "total": 100.00611978105661
    }
}