{
    "counter": {
        "ACTIVE": 3933,
        "INACTIVE": 8,
        "INVALID": 0,
        "MALICIOUS": 0,
        "SANE": 0,
        "VALID": 0,
        "total": 3941
    },
    "percentage": {
        "ACTIVE": 99.7970058360822,
        "INACTIVE": 0.26298487836949375,
        "INVALID": 0,
        "MALICIOUS": 0,
        "SANE": 0,
        "VALID": 0,
        "total": 100.0599907144517
    }
}