{
    "counter": {
        "ACTIVE": 5680,
        "INACTIVE": 8,
        "INVALID": 0,
        "MALICIOUS": 0,
        "SANE": 0,
        "VALID": 0,
        "total": 5688
    },
    "percentage": {
        "ACTIVE": 99.85935302390999,
        "INACTIVE": 0.21447721179624665,
        "INVALID": 0,
        "MALICIOUS": 0,
        "SANE": 0,
        "VALID": 0,
        "total": 100.07383023570624
    }
}