{
    "counter": {
        "ACTIVE": 17385,
        "INACTIVE": 24,
        "INVALID": 0,
        "MALICIOUS": 0,
        "SANE": 0,
        "VALID": 0,
        "total": 17409
    },
    "percentage": {
        "ACTIVE": 99.86214027227297,
        "INACTIVE": 0.13813744675952572,
        "INVALID": 0,
        "MALICIOUS": 0,
        "SANE": 0,
        "VALID": 0,
        "total": 100.0002777190325
    }
}