{
    "counter": {
        "ACTIVE": 15229,
        "INACTIVE": 28,
        "INVALID": 0,
        "MALICIOUS": 0,
        "SANE": 0,
        "VALID": 0,
        "total": 15257
    },
    "percentage": {
        "ACTIVE": 99.81647768237531,
        "INACTIVE": 0.1876675603217158,
        "INVALID": 0,
        "MALICIOUS": 0,
        "SANE": 0,
        "VALID": 0,
        "total": 100.00414524269702
    }
}