{
    "counter": {
        "ACTIVE": 3059,
        "INACTIVE": 6,
        "INVALID": 0,
        "MALICIOUS": 0,
        "SANE": 0,
        "VALID": 0,
        "total": 3065
    },
    "percentage": {
        "ACTIVE": 99.8042414355628,
        "INACTIVE": 0.20782819535850364,
        "INVALID": 0,
        "MALICIOUS": 0,
        "SANE": 0,
        "VALID": 0,
        "total": 100.0120696309213
    }
}