{
    "counter": {
        "ACTIVE": 16127,
        "INACTIVE": 27,
        "INVALID": 0,
        "MALICIOUS": 0,
        "SANE": 0,
        "VALID": 0,
        "total": 16154
    },
    "percentage": {
        "ACTIVE": 99.83285873467872,
        "INACTIVE": 0.18010806483890335,
        "INVALID": 0,
        "MALICIOUS": 0,
        "SANE": 0,
        "VALID": 0,
        "total": 100.01296679951763
    }
}