{
    "counter": {
        "ACTIVE": 14027,
        "INACTIVE": 23,
        "INVALID": 0,
        "MALICIOUS": 0,
        "SANE": 0,
        "VALID": 0,
        "total": 14050
    },
    "percentage": {
        "ACTIVE": 99.83629893238434,
        "INACTIVE": 0.16660630206446939,
        "INVALID": 0,
        "MALICIOUS": 0,
        "SANE": 0,
        "VALID": 0,
        "total": 100.0029052344488
    }
}