{
    "counter": {
        "ACTIVE": 21035,
        "INACTIVE": 48,
        "INVALID": 0,
        "MALICIOUS": 0,
        "SANE": 0,
        "VALID": 0,
        "total": 21083
    },
    "percentage": {
        "ACTIVE": 99.77232841625954,
        "INACTIVE": 0.22832136231746183,
        "INVALID": 0,
        "MALICIOUS": 0,
        "SANE": 0,
        "VALID": 0,
        "total": 100.000649778577
    }
}