{
    "counter": {
        "ACTIVE": 16563,
        "INACTIVE": 29,
        "INVALID": 0,
        "MALICIOUS": 0,
        "SANE": 0,
        "VALID": 0,
        "total": 16592
    },
    "percentage": {
        "ACTIVE": 99.82521697203471,
        "INACTIVE": 0.17562984496124032,
        "INVALID": 0,
        "MALICIOUS": 0,
        "SANE": 0,
        "VALID": 0,
        "total": 100.00084681699595
    }
}