{
    "counter": {
        "ACTIVE": 23965,
        "INACTIVE": 39,
        "INVALID": 0,
        "MALICIOUS": 0,
        "SANE": 0,
        "VALID": 0,
        "total": 24004
    },
    "percentage": {
        "ACTIVE": 99.8375270788202,
        "INACTIVE": 0.16321406151914628,
        "INVALID": 0,
        "MALICIOUS": 0,
        "SANE": 0,
        "VALID": 0,
        "total": 100.00074114033934
    }
}