{
    "counter": {
        "ACTIVE": 900,
        "INACTIVE": 2,
        "INVALID": 0,
        "MALICIOUS": 0,
        "SANE": 0,
        "VALID": 0,
        "total": 902
    },
    "percentage": {
        "ACTIVE": 99.77827050997783,
        "INACTIVE": 1.5873015873015872,
        "INVALID": 0,
        "MALICIOUS": 0,
        "SANE": 0,
        "VALID": 0,
        "total": 101.36557209727941
    }
}