{
    "counter": {
        "ACTIVE": 16669,
        "INACTIVE": 19,
        "INVALID": 0,
        "MALICIOUS": 0,
        "SANE": 0,
        "VALID": 0,
        "total": 16688
    },
    "percentage": {
        "ACTIVE": 99.88614573346116,
        "INACTIVE": 0.13767118324759076,
        "INVALID": 0,
        "MALICIOUS": 0,
        "SANE": 0,
        "VALID": 0,
        "total": 100.02381691670875
    }
}