{
    "counter": {
        "ACTIVE": 9217,
        "INACTIVE": 17,
        "INVALID": 0,
        "MALICIOUS": 0,
        "SANE": 0,
        "VALID": 0,
        "total": 9234
    },
    "percentage": {
        "ACTIVE": 99.81589776911414,
        "INACTIVE": 0.19165727170236754,
        "INVALID": 0,
        "MALICIOUS": 0,
        "SANE": 0,
        "VALID": 0,
        "total": 100.00755504081651
    }
}