{
    "counter": {
        "ACTIVE": 8631,
        "INACTIVE": 164,
        "INVALID": 2,
        "MALICIOUS": 0,
        "SANE": 0,
        "VALID": 0,
        "total": 8797
    },
    "percentage": {
        "ACTIVE": 98.11299306581789,
        "INACTIVE": 1.8642719108787087,
        "INVALID": 0.022735023303398886,
        "MALICIOUS": 0.0,
        "SANE": 0.0,
        "VALID": 0.0,
        "total": 100.0
    }
}