{
    "counter": {
        "ACTIVE": 22355,
        "INACTIVE": 37,
        "INVALID": 0,
        "MALICIOUS": 0,
        "SANE": 0,
        "VALID": 0,
        "total": 22392
    },
    "percentage": {
        "ACTIVE": 99.83476241514826,
        "INACTIVE": 0.16682447360115424,
        "INVALID": 0,
        "MALICIOUS": 0,
        "SANE": 0,
        "VALID": 0,
        "total": 100.00158688874942
    }
}