{
    "counter": {
        "ACTIVE": 15605,
        "INACTIVE": 19,
        "INVALID": 0,
        "MALICIOUS": 0,
        "SANE": 0,
        "VALID": 0,
        "total": 15624
    },
    "percentage": {
        "ACTIVE": 99.87839221710189,
        "INACTIVE": 0.12749966447456718,
        "INVALID": 0,
        "MALICIOUS": 0,
        "SANE": 0,
        "VALID": 0,
        "total": 100.00589188157646
    }
}