{
    "counter": {
        "ACTIVE": 18314,
        "INACTIVE": 33,
        "INVALID": 0,
        "MALICIOUS": 0,
        "SANE": 0,
        "VALID": 0,
        "total": 18347
    },
    "percentage": {
        "ACTIVE": 99.82013408186624,
        "INACTIVE": 0.18412096189254032,
        "INVALID": 0,
        "MALICIOUS": 0,
        "SANE": 0,
        "VALID": 0,
        "total": 100.00425504375879
    }
}