{
    "counter": {
        "ACTIVE": 10459,
        "INACTIVE": 13,
        "INVALID": 0,
        "MALICIOUS": 0,
        "SANE": 0,
        "VALID": 0,
        "total": 10472
    },
    "percentage": {
        "ACTIVE": 99.87585943468297,
        "INACTIVE": 0.14243453489646105,
        "INVALID": 0,
        "MALICIOUS": 0,
        "SANE": 0,
        "VALID": 0,
        "total": 100.01829396957943
    }
}