{
    "counter": {
        "ACTIVE": 16821,
        "INACTIVE": 21,
        "INVALID": 0,
        "MALICIOUS": 0,
        "SANE": 0,
        "VALID": 0,
        "total": 16842
    },
    "percentage": {
        "ACTIVE": 99.87531172069825,
        "INACTIVE": 0.1247327156094084,
        "INVALID": 0,
        "MALICIOUS": 0,
        "SANE": 0,
        "VALID": 0,
        "total": 100.00004443630766
    }
}