{
    "counter": {
        "ACTIVE": 6989,
        "INACTIVE": 19,
        "INVALID": 2,
        "MALICIOUS": 0,
        "SANE": 0,
        "VALID": 0,
        "total": 7010
    },
    "percentage": {
        "ACTIVE": 99.70042796005706,
        "INACTIVE": 0.27244049326068254,
        "INVALID": 0.03009328919650918,
        "MALICIOUS": 0,
        "SANE": 0,
        "VALID": 0,
        "total": 100.00296174251426
    }
}