{
    "counter": {
        "ACTIVE": 2695,
        "INACTIVE": 11,
        "INVALID": 0,
        "MALICIOUS": 0,
        "SANE": 0,
        "VALID": 0,
        "total": 2706
    },
    "percentage": {
        "ACTIVE": 99.59349593495935,
        "INACTIVE": 0.5413385826771654,
        "INVALID": 0,
        "MALICIOUS": 0,
        "SANE": 0,
        "VALID": 0,
        "total": 100.13483451763652
    }
}