{
    "counter": {
        "ACTIVE": 8584,
        "INACTIVE": 18,
        "INVALID": 0,
        "MALICIOUS": 0,
        "SANE": 0,
        "VALID": 0,
        "total": 8602
    },
    "percentage": {
        "ACTIVE": 99.79074633806091,
        "INACTIVE": 0.22178413011335632,
        "INVALID": 0,
        "MALICIOUS": 0,
        "SANE": 0,
        "VALID": 0,
        "total": 100.01253046817428
    }
}