{
    "counter": {
        "ACTIVE": 16992,
        "INACTIVE": 26,
        "INVALID": 0,
        "MALICIOUS": 0,
        "SANE": 0,
        "VALID": 0,
        "total": 17018
    },
    "percentage": {
        "ACTIVE": 99.84722058996357,
        "INACTIVE": 0.15316642120765833,
        "INVALID": 0,
        "MALICIOUS": 0,
        "SANE": 0,
        "VALID": 0,
        "total": 100.00038701117123
    }
}