{
    "counter": {
        "ACTIVE": 21009,
        "INACTIVE": 35,
        "INVALID": 0,
        "MALICIOUS": 0,
        "SANE": 0,
        "VALID": 0,
        "total": 21044
    },
    "percentage": {
        "ACTIVE": 99.83368180954191,
        "INACTIVE": 0.16818028927009754,
        "INVALID": 0,
        "MALICIOUS": 0,
        "SANE": 0,
        "VALID": 0,
        "total": 100.00186209881201
    }
}