{
    "counter": {
        "ACTIVE": 15502,
        "INACTIVE": 25,
        "INVALID": 0,
        "MALICIOUS": 0,
        "SANE": 0,
        "VALID": 0,
        "total": 15527
    },
    "percentage": {
        "ACTIVE": 99.83899014619695,
        "INACTIVE": 0.17909592377677483,
        "INVALID": 0,
        "MALICIOUS": 0,
        "SANE": 0,
        "VALID": 0,
        "total": 100.01808606997372
    }
}