{
    "counter": {
        "ACTIVE": 21758,
        "INACTIVE": 42,
        "INVALID": 0,
        "MALICIOUS": 0,
        "SANE": 0,
        "VALID": 0,
        "total": 21800
    },
    "percentage": {
        "ACTIVE": 99.80733944954129,
        "INACTIVE": 0.1959686450167973,
        "INVALID": 0,
        "MALICIOUS": 0,
        "SANE": 0,
        "VALID": 0,
        "total": 100.00330809455808
    }
}