{
    "counter": {
        "ACTIVE": 8879,
        "INACTIVE": 201,
        "INVALID": 2,
        "MALICIOUS": 0,
        "SANE": 0,
        "VALID": 0,
        "total": 9082
    },
    "percentage": {
        "ACTIVE": 97.76480951332306,
        "INACTIVE": 2.213168905527417,
        "INVALID": 0.022021581149526535,
        "MALICIOUS": 0.0,
        "SANE": 0.0,
        "VALID": 0.0,
        "total": 100.0
    }
}