{
    "counter": {
        "ACTIVE": 2762,
        "INACTIVE": 4,
        "INVALID": 0,
        "MALICIOUS": 0,
        "SANE": 0,
        "VALID": 0,
        "total": 2766
    },
    "percentage": {
        "ACTIVE": 99.85538684020246,
        "INACTIVE": 0.1521491061240015,
        "INVALID": 0,
        "MALICIOUS": 0,
        "SANE": 0,
        "VALID": 0,
        "total": 100.00753594632646
    }
}