{
    "counter": {
        "ACTIVE": 2479,
        "INACTIVE": 2,
        "INVALID": 0,
        "MALICIOUS": 0,
        "SANE": 0,
        "VALID": 0,
        "total": 2481
    },
    "percentage": {
        "ACTIVE": 99.91938734381299,
        "INACTIVE": 0.10976948408342481,
        "INVALID": 0,
        "MALICIOUS": 0,
        "SANE": 0,
        "VALID": 0,
        "total": 100.02915682789641
    }
}