{
    "counter": {
        "ACTIVE": 7353,
        "INACTIVE": 15,
        "INVALID": 0,
        "MALICIOUS": 0,
        "SANE": 0,
        "VALID": 0,
        "total": 7368
    },
    "percentage": {
        "ACTIVE": 99.79641693811075,
        "INACTIVE": 0.20573309559731176,
        "INVALID": 0,
        "MALICIOUS": 0,
        "SANE": 0,
        "VALID": 0,
        "total": 100.00215003370806
    }
}