{
    "counter": {
        "ACTIVE": 20203,
        "INACTIVE": 26,
        "INVALID": 0,
        "MALICIOUS": 0,
        "SANE": 0,
        "VALID": 0,
        "total": 20229
    },
    "percentage": {
        "ACTIVE": 99.87147164961195,
        "INACTIVE": 0.1330671989354624,
        "INVALID": 0,
        "MALICIOUS": 0,
        "SANE": 0,
        "VALID": 0,
        "total": 100.00453884854741
    }
}