{
    "counter": {
        "ACTIVE": 13103,
        "INACTIVE": 16,
        "INVALID": 0,
        "MALICIOUS": 0,
        "SANE": 0,
        "VALID": 0,
        "total": 13119
    },
    "percentage": {
        "ACTIVE": 99.87803948471682,
        "INACTIVE": 0.12680297987002695,
        "INVALID": 0,
        "MALICIOUS": 0,
        "SANE": 0,
        "VALID": 0,
        "total": 100.00484246458684
    }
}