{
    "counter": {
        "ACTIVE": 9175,
        "INACTIVE": 19,
        "INVALID": 0,
        "MALICIOUS": 0,
        "SANE": 0,
        "VALID": 0,
        "total": 9194
    },
    "percentage": {
        "ACTIVE": 99.79334348488145,
        "INACTIVE": 0.21415689810640218,
        "INVALID": 0,
        "MALICIOUS": 0,
        "SANE": 0,
        "VALID": 0,
        "total": 100.00750038298784
    }
}