{
    "counter": {
        "ACTIVE": 4582,
        "INACTIVE": 8,
        "INVALID": 0,
        "MALICIOUS": 0,
        "SANE": 0,
        "VALID": 0,
        "total": 4590
    },
    "percentage": {
        "ACTIVE": 99.82570806100217,
        "INACTIVE": 0.2151694459386767,
        "INVALID": 0,
        "MALICIOUS": 0,
        "SANE": 0,
        "VALID": 0,
        "total": 100.04087750694084
    }
}