{
    "counter": {
        "ACTIVE": 12323,
        "INACTIVE": 27,
        "INVALID": 0,
        "MALICIOUS": 0,
        "SANE": 0,
        "VALID": 0,
        "total": 12350
    },
    "percentage": {
        "ACTIVE": 99.78137651821862,
        "INACTIVE": 0.22522522522522523,
        "INVALID": 0,
        "MALICIOUS": 0,
        "SANE": 0,
        "VALID": 0,
        "total": 100.00660174344385
    }
}