{
    "counter": {
        "ACTIVE": 26189,
        "INACTIVE": 44,
        "INVALID": 0,
        "MALICIOUS": 0,
        "SANE": 0,
        "VALID": 0,
        "total": 26233
    },
    "percentage": {
        "ACTIVE": 99.83227232874624,
        "INACTIVE": 0.1703973356052978,
        "INVALID": 0,
        "MALICIOUS": 0,
        "SANE": 0,
        "VALID": 0,
        "total": 100.00266966435154
    }
}