{
    "counter": {
        "ACTIVE": 24478,
        "INACTIVE": 45,
        "INVALID": 0,
        "MALICIOUS": 0,
        "SANE": 0,
        "VALID": 0,
        "total": 24523
    },
    "percentage": {
        "ACTIVE": 99.81649879704767,
        "INACTIVE": 0.18475940220068976,
        "INVALID": 0,
        "MALICIOUS": 0,
        "SANE": 0,
        "VALID": 0,
        "total": 100.00125819924835
    }
}