{
    "counter": {
        "ACTIVE": 1420,
        "INACTIVE": 2,
        "INVALID": 0,
        "MALICIOUS": 0,
        "SANE": 0,
        "VALID": 0,
        "total": 1422
    },
    "percentage": {
        "ACTIVE": 99.85935302390999,
        "INACTIVE": 0.18570102135561745,
        "INVALID": 0,
        "MALICIOUS": 0,
        "SANE": 0,
        "VALID": 0,
        "total": 100.0450540452656
    }
}