{
    "counter": {
        "ACTIVE": 17405,
        "INACTIVE": 33,
        "INVALID": 0,
        "MALICIOUS": 0,
        "SANE": 0,
        "VALID": 0,
        "total": 17438
    },
    "percentage": {
        "ACTIVE": 99.81075811446267,
        "INACTIVE": 0.1926894779866869,
        "INVALID": 0,
        "MALICIOUS": 0,
        "SANE": 0,
        "VALID": 0,
        "total": 100.00344759244936
    }
}