{
    "counter": {
        "ACTIVE": 11707,
        "INACTIVE": 20,
        "INVALID": 0,
        "MALICIOUS": 0,
        "SANE": 0,
        "VALID": 0,
        "total": 11727
    },
    "percentage": {
        "ACTIVE": 99.82945339814104,
        "INACTIVE": 0.18889308651303363,
        "INVALID": 0,
        "MALICIOUS": 0,
        "SANE": 0,
        "VALID": 0,
        "total": 100.01834648465407
    }
}