{
    "counter": {
        "ACTIVE": 3237,
        "INACTIVE": 5,
        "INVALID": 0,
        "MALICIOUS": 0,
        "SANE": 0,
        "VALID": 0,
        "total": 3242
    },
    "percentage": {
        "ACTIVE": 99.8457742134485,
        "INACTIVE": 0.16452780519907864,
        "INVALID": 0,
        "MALICIOUS": 0,
        "SANE": 0,
        "VALID": 0,
        "total": 100.01030201864758
    }
}