{
    "counter": {
        "ACTIVE": 25281,
        "INACTIVE": 55,
        "INVALID": 0,
        "MALICIOUS": 0,
        "SANE": 0,
        "VALID": 0,
        "total": 25336
    },
    "percentage": {
        "ACTIVE": 99.78291758762235,
        "INACTIVE": 0.2194820224270721,
        "INVALID": 0,
        "MALICIOUS": 0,
        "SANE": 0,
        "VALID": 0,
        "total": 100.00239961004942
    }
}