{
    "counter": {
        "ACTIVE": 17385,
        "INACTIVE": 23,
        "INVALID": 0,
        "MALICIOUS": 0,
        "SANE": 0,
        "VALID": 0,
        "total": 17408
    },
    "percentage": {
        "ACTIVE": 99.86787683823529,
        "INACTIVE": 0.13260305563562985,
        "INVALID": 0,
        "MALICIOUS": 0,
        "SANE": 0,
        "VALID": 0,
        "total": 100.00047989387092
    }
}