{
    "counter": {
        "ACTIVE": 7559,
        "INACTIVE": 12,
        "INVALID": 0,
        "MALICIOUS": 0,
        "SANE": 0,
        "VALID": 0,
        "total": 7571
    },
    "percentage": {
        "ACTIVE": 99.84150046229031,
        "INACTIVE": 0.1646090534979424,
        "INVALID": 0,
        "MALICIOUS": 0,
        "SANE": 0,
        "VALID": 0,
        "total": 100.00610951578825
    }
}