{
    "counter": {
        "ACTIVE": 4829,
        "INACTIVE": 10,
        "INVALID": 0,
        "MALICIOUS": 0,
        "SANE": 0,
        "VALID": 0,
        "total": 4839
    },
    "percentage": {
        "ACTIVE": 99.79334573258937,
        "INACTIVE": 0.2319647413593134,
        "INVALID": 0,
        "MALICIOUS": 0,
        "SANE": 0,
        "VALID": 0,
        "total": 100.0253104739487
    }
}