{
    "counter": {
        "ACTIVE": 17794,
        "INACTIVE": 33,
        "INVALID": 0,
        "MALICIOUS": 0,
        "SANE": 0,
        "VALID": 0,
        "total": 17827
    },
    "percentage": {
        "ACTIVE": 99.8148875301509,
        "INACTIVE": 0.1878950065478563,
        "INVALID": 0,
        "MALICIOUS": 0,
        "SANE": 0,
        "VALID": 0,
        "total": 100.00278253669876
    }
}