{
    "counter": {
        "ACTIVE": 19090,
        "INACTIVE": 29,
        "INVALID": 0,
        "MALICIOUS": 0,
        "SANE": 0,
        "VALID": 0,
        "total": 19119
    },
    "percentage": {
        "ACTIVE": 99.84831842669595,
        "INACTIVE": 0.15452656258325784,
        "INVALID": 0,
        "MALICIOUS": 0,
        "SANE": 0,
        "VALID": 0,
        "total": 100.00284498927921
    }
}