{
    "counter": {
        "ACTIVE": 6854,
        "INACTIVE": 17,
        "INVALID": 2,
        "MALICIOUS": 0,
        "SANE": 0,
        "VALID": 0,
        "total": 6873
    },
    "percentage": {
        "ACTIVE": 99.72355594354721,
        "INACTIVE": 0.24919378481383758,
        "INVALID": 0.03009328919650918,
        "MALICIOUS": 0,
        "SANE": 0,
        "VALID": 0,
        "total": 100.00284301755757
    }
}