{
    "counter": {
        "ACTIVE": 22234,
        "INACTIVE": 591,
        "INVALID": 1,
        "MALICIOUS": 0,
        "SANE": 0,
        "VALID": 0,
        "total": 22826
    },
    "percentage": {
        "ACTIVE": 97.41073384446878,
        "INACTIVE": 2.589152720581793,
        "INVALID": 0.005617030837499298,
        "MALICIOUS": 0,
        "SANE": 0,
        "VALID": 0,
        "total": 100.00550359588807
    }
}