{
    "counter": {
        "ACTIVE": 1463,
        "INACTIVE": 3,
        "INVALID": 0,
        "MALICIOUS": 0,
        "SANE": 0,
        "VALID": 0,
        "total": 1466
    },
    "percentage": {
        "ACTIVE": 99.79536152796726,
        "INACTIVE": 0.2050580997949419,
        "INVALID": 0,
        "MALICIOUS": 0,
        "SANE": 0,
        "VALID": 0,
        "total": 100.0004196277622
    }
}