{
    "counter": {
        "ACTIVE": 8009,
        "INACTIVE": 12,
        "INVALID": 0,
        "MALICIOUS": 0,
        "SANE": 0,
        "VALID": 0,
        "total": 8021
    },
    "percentage": {
        "ACTIVE": 99.85039271911234,
        "INACTIVE": 0.16081479496113643,
        "INVALID": 0,
        "MALICIOUS": 0,
        "SANE": 0,
        "VALID": 0,
        "total": 100.01120751407348
    }
}