{
    "counter": {
        "ACTIVE": 17338,
        "INACTIVE": 29,
        "INVALID": 0,
        "MALICIOUS": 0,
        "SANE": 0,
        "VALID": 0,
        "total": 17367
    },
    "percentage": {
        "ACTIVE": 99.83301664075546,
        "INACTIVE": 0.17562984496124032,
        "INVALID": 0,
        "MALICIOUS": 0,
        "SANE": 0,
        "VALID": 0,
        "total": 100.0086464857167
    }
}