{
    "counter": {
        "ACTIVE": 25096,
        "INACTIVE": 44,
        "INVALID": 0,
        "MALICIOUS": 0,
        "SANE": 0,
        "VALID": 0,
        "total": 25140
    },
    "percentage": {
        "ACTIVE": 99.82498011137629,
        "INACTIVE": 0.17547357926221335,
        "INVALID": 0,
        "MALICIOUS": 0,
        "SANE": 0,
        "VALID": 0,
        "total": 100.00045369063851
    }
}