{
    "counter": {
        "ACTIVE": 13664,
        "INACTIVE": 19,
        "INVALID": 0,
        "MALICIOUS": 0,
        "SANE": 0,
        "VALID": 0,
        "total": 13683
    },
    "percentage": {
        "ACTIVE": 99.86114156252283,
        "INACTIVE": 0.14146377782741418,
        "INVALID": 0,
        "MALICIOUS": 0,
        "SANE": 0,
        "VALID": 0,
        "total": 100.00260534035024
    }
}