{
    "counter": {
        "ACTIVE": 21290,
        "INACTIVE": 34,
        "INVALID": 0,
        "MALICIOUS": 0,
        "SANE": 0,
        "VALID": 0,
        "total": 21324
    },
    "percentage": {
        "ACTIVE": 99.84055524291878,
        "INACTIVE": 0.1624928311986236,
        "INVALID": 0,
        "MALICIOUS": 0,
        "SANE": 0,
        "VALID": 0,
        "total": 100.0030480741174
    }
}