{
    "counter": {
        "ACTIVE": 26192,
        "INACTIVE": 59,
        "INVALID": 0,
        "MALICIOUS": 0,
        "SANE": 0,
        "VALID": 0,
        "total": 26251
    },
    "percentage": {
        "ACTIVE": 99.7752466572702,
        "INACTIVE": 0.22562141491395793,
        "INVALID": 0,
        "MALICIOUS": 0,
        "SANE": 0,
        "VALID": 0,
        "total": 100.00086807218416
    }
}