{
    "counter": {
        "ACTIVE": 2866,
        "INACTIVE": 5,
        "INVALID": 0,
        "MALICIOUS": 0,
        "SANE": 0,
        "VALID": 0,
        "total": 2871
    },
    "percentage": {
        "ACTIVE": 99.82584465343086,
        "INACTIVE": 0.250501002004008,
        "INVALID": 0,
        "MALICIOUS": 0,
        "SANE": 0,
        "VALID": 0,
        "total": 100.07634565543488
    }
}