{
    "counter": {
        "ACTIVE": 13913,
        "INACTIVE": 24,
        "INVALID": 0,
        "MALICIOUS": 0,
        "SANE": 0,
        "VALID": 0,
        "total": 13937
    },
    "percentage": {
        "ACTIVE": 99.82779651287939,
        "INACTIVE": 0.18140589569160998,
        "INVALID": 0,
        "MALICIOUS": 0,
        "SANE": 0,
        "VALID": 0,
        "total": 100.009202408571
    }
}