{
    "counter": {
        "ACTIVE": 19263,
        "INACTIVE": 36,
        "INVALID": 0,
        "MALICIOUS": 0,
        "SANE": 0,
        "VALID": 0,
        "total": 19299
    },
    "percentage": {
        "ACTIVE": 99.81346183740091,
        "INACTIVE": 0.19296740994854203,
        "INVALID": 0,
        "MALICIOUS": 0,
        "SANE": 0,
        "VALID": 0,
        "total": 100.00642924734944
    }
}