{
    "counter": {
        "ACTIVE": 26177,
        "INACTIVE": 53,
        "INVALID": 0,
        "MALICIOUS": 0,
        "SANE": 0,
        "VALID": 0,
        "total": 26230
    },
    "percentage": {
        "ACTIVE": 99.79794128860084,
        "INACTIVE": 0.2111217335882728,
        "INVALID": 0,
        "MALICIOUS": 0,
        "SANE": 0,
        "VALID": 0,
        "total": 100.00906302218911
    }
}