{
    "counter": {
        "ACTIVE": 26217,
        "INACTIVE": 55,
        "INVALID": 0,
        "MALICIOUS": 0,
        "SANE": 0,
        "VALID": 0,
        "total": 26272
    },
    "percentage": {
        "ACTIVE": 99.79065164433618,
        "INACTIVE": 0.21886191802626342,
        "INVALID": 0,
        "MALICIOUS": 0,
        "SANE": 0,
        "VALID": 0,
        "total": 100.00951356236244
    }
}