{
    "counter": {
        "ACTIVE": 4746,
        "INACTIVE": 10,
        "INVALID": 0,
        "MALICIOUS": 0,
        "SANE": 0,
        "VALID": 0,
        "total": 4756
    },
    "percentage": {
        "ACTIVE": 99.78973927670312,
        "INACTIVE": 0.27624309392265195,
        "INVALID": 0,
        "MALICIOUS": 0,
        "SANE": 0,
        "VALID": 0,
        "total": 100.06598237062578
    }
}