{
    "counter": {
        "ACTIVE": 23975,
        "INACTIVE": 43,
        "INVALID": 0,
        "MALICIOUS": 0,
        "SANE": 0,
        "VALID": 0,
        "total": 24018
    },
    "percentage": {
        "ACTIVE": 99.82096760762761,
        "INACTIVE": 0.18005946149658725,
        "INVALID": 0,
        "MALICIOUS": 0,
        "SANE": 0,
        "VALID": 0,
        "total": 100.00102706912419
    }
}