{
    "counter": {
        "ACTIVE": 16827,
        "INACTIVE": 24,
        "INVALID": 0,
        "MALICIOUS": 0,
        "SANE": 0,
        "VALID": 0,
        "total": 16851
    },
    "percentage": {
        "ACTIVE": 99.85757521808794,
        "INACTIVE": 0.15987210231814547,
        "INVALID": 0,
        "MALICIOUS": 0,
        "SANE": 0,
        "VALID": 0,
        "total": 100.01744732040609
    }
}