{
    "counter": {
        "ACTIVE": 5005,
        "INACTIVE": 10,
        "INVALID": 0,
        "MALICIOUS": 0,
        "SANE": 0,
        "VALID": 0,
        "total": 5015
    },
    "percentage": {
        "ACTIVE": 99.80059820538385,
        "INACTIVE": 0.23529411764705882,
        "INVALID": 0,
        "MALICIOUS": 0,
        "SANE": 0,
        "VALID": 0,
        "total": 100.03589232303091
    }
}